--
-- PostgreSQL database dump
--

-- Dumped from database version 14.5
-- Dumped by pg_dump version 14.5

-- Started on 2023-01-08 19:58:02

SET statement_timeout = 0;
SET lock_timeout = 0;
SET idle_in_transaction_session_timeout = 0;
SET client_encoding = 'UTF8';
SET standard_conforming_strings = on;
SELECT pg_catalog.set_config('search_path', '', false);
SET check_function_bodies = false;
SET xmloption = content;
SET client_min_messages = warning;
SET row_security = off;

--
-- TOC entry 244 (class 1255 OID 16754)
-- Name: delete_user_function(); Type: FUNCTION; Schema: public; Owner: postgres
--

CREATE FUNCTION public.delete_user_function() RETURNS trigger
    LANGUAGE plpgsql
    AS $$
 BEGIN
    if exists( Select "Cart"."Id"
         from "Cart"
     where "Cart"."UserId"=old."Id") then

        delete from "ProductCartRelation" PCR
    where PCR."FavoriteProductsId"=(Select max("Cart"."Id")
    from "Cart"
    where "Cart"."UserId"=old."Id");

    end if;

     if exists(Select "RecentlyWatchedCart"."Id"
         from "RecentlyWatchedCart"
     where "RecentlyWatchedCart"."UserId"=old."Id") then

          delete from "ProductRecentlyWatchedRelation" PCR
    where PCR."RecentlyWatchedCartId"=(Select max("RecentlyWatchedCart"."Id")
     from "RecentlyWatchedCart"
     where "RecentlyWatchedCart"."UserId"=old."Id");

     end if;

    delete from "Cart" where "Cart"."UserId"=old."Id";

    delete from "RecentlyWatchedCart" where "RecentlyWatchedCart"."UserId"=old."Id";

    return old;
    end;

$$;


ALTER FUNCTION public.delete_user_function() OWNER TO postgres;

--
-- TOC entry 231 (class 1255 OID 16720)
-- Name: iscorrect(integer); Type: FUNCTION; Schema: public; Owner: postgres
--

CREATE FUNCTION public.iscorrect(integer) RETURNS boolean
    LANGUAGE plpgsql
    AS $_$
BEGIN
      RETURN EXISTS (
          SELECT * from "Product" P
JOIN "Categories" C on C."Id" = P."CategoryId"
JOIN "Subcategory" S on S."Id" = C."SubCategory"
where s."Id"=$1
          );
END;
$_$;


ALTER FUNCTION public.iscorrect(integer) OWNER TO postgres;

--
-- TOC entry 232 (class 1255 OID 16756)
-- Name: registration_user_function(); Type: FUNCTION; Schema: public; Owner: postgres
--

CREATE FUNCTION public.registration_user_function() RETURNS trigger
    LANGUAGE plpgsql
    AS $$
 BEGIN
    if length(new."Password")<8
    then
        raise notice'Eine Warnung';
        return null;
    end if;
    return new;
    end

$$;


ALTER FUNCTION public.registration_user_function() OWNER TO postgres;

SET default_tablespace = '';

SET default_table_access_method = heap;

--
-- TOC entry 215 (class 1259 OID 16452)
-- Name: AspNetRoleClaims; Type: TABLE; Schema: public; Owner: postgres
--

CREATE TABLE public."AspNetRoleClaims" (
    "Id" integer NOT NULL,
    "RoleId" text NOT NULL,
    "ClaimType" text,
    "ClaimValue" text
);


ALTER TABLE public."AspNetRoleClaims" OWNER TO postgres;

--
-- TOC entry 214 (class 1259 OID 16451)
-- Name: AspNetRoleClaims_Id_seq; Type: SEQUENCE; Schema: public; Owner: postgres
--

ALTER TABLE public."AspNetRoleClaims" ALTER COLUMN "Id" ADD GENERATED BY DEFAULT AS IDENTITY (
    SEQUENCE NAME public."AspNetRoleClaims_Id_seq"
    START WITH 1
    INCREMENT BY 1
    NO MINVALUE
    NO MAXVALUE
    CACHE 1
);


--
-- TOC entry 210 (class 1259 OID 16429)
-- Name: AspNetRoles; Type: TABLE; Schema: public; Owner: postgres
--

CREATE TABLE public."AspNetRoles" (
    "Id" text NOT NULL,
    "Name" character varying(256),
    "NormalizedName" character varying(256),
    "ConcurrencyStamp" text
);


ALTER TABLE public."AspNetRoles" OWNER TO postgres;

--
-- TOC entry 217 (class 1259 OID 16465)
-- Name: AspNetUserClaims; Type: TABLE; Schema: public; Owner: postgres
--

CREATE TABLE public."AspNetUserClaims" (
    "Id" integer NOT NULL,
    "UserId" text NOT NULL,
    "ClaimType" text,
    "ClaimValue" text
);


ALTER TABLE public."AspNetUserClaims" OWNER TO postgres;

--
-- TOC entry 216 (class 1259 OID 16464)
-- Name: AspNetUserClaims_Id_seq; Type: SEQUENCE; Schema: public; Owner: postgres
--

ALTER TABLE public."AspNetUserClaims" ALTER COLUMN "Id" ADD GENERATED BY DEFAULT AS IDENTITY (
    SEQUENCE NAME public."AspNetUserClaims_Id_seq"
    START WITH 1
    INCREMENT BY 1
    NO MINVALUE
    NO MAXVALUE
    CACHE 1
);


--
-- TOC entry 218 (class 1259 OID 16477)
-- Name: AspNetUserLogins; Type: TABLE; Schema: public; Owner: postgres
--

CREATE TABLE public."AspNetUserLogins" (
    "LoginProvider" text NOT NULL,
    "ProviderKey" text NOT NULL,
    "ProviderDisplayName" text,
    "UserId" text NOT NULL
);


ALTER TABLE public."AspNetUserLogins" OWNER TO postgres;

--
-- TOC entry 219 (class 1259 OID 16489)
-- Name: AspNetUserRoles; Type: TABLE; Schema: public; Owner: postgres
--

CREATE TABLE public."AspNetUserRoles" (
    "UserId" text NOT NULL,
    "RoleId" text NOT NULL
);


ALTER TABLE public."AspNetUserRoles" OWNER TO postgres;

--
-- TOC entry 220 (class 1259 OID 16506)
-- Name: AspNetUserTokens; Type: TABLE; Schema: public; Owner: postgres
--

CREATE TABLE public."AspNetUserTokens" (
    "UserId" text NOT NULL,
    "LoginProvider" text NOT NULL,
    "Name" text NOT NULL,
    "Value" text
);


ALTER TABLE public."AspNetUserTokens" OWNER TO postgres;

--
-- TOC entry 211 (class 1259 OID 16436)
-- Name: AspNetUsers; Type: TABLE; Schema: public; Owner: postgres
--

CREATE TABLE public."AspNetUsers" (
    "Id" text NOT NULL,
    "UserName" character varying(256),
    "NormalizedUserName" character varying(256),
    "Email" character varying(256),
    "NormalizedEmail" character varying(256),
    "EmailConfirmed" boolean NOT NULL,
    "PasswordHash" text,
    "SecurityStamp" text,
    "ConcurrencyStamp" text,
    "PhoneNumber" text,
    "PhoneNumberConfirmed" boolean NOT NULL,
    "TwoFactorEnabled" boolean NOT NULL,
    "LockoutEnd" timestamp with time zone,
    "LockoutEnabled" boolean NOT NULL,
    "AccessFailedCount" integer NOT NULL
);


ALTER TABLE public."AspNetUsers" OWNER TO postgres;

--
-- TOC entry 223 (class 1259 OID 16539)
-- Name: Cart; Type: TABLE; Schema: public; Owner: postgres
--

CREATE TABLE public."Cart" (
    "UserId" integer NOT NULL,
    "Id" integer NOT NULL
);


ALTER TABLE public."Cart" OWNER TO postgres;

--
-- TOC entry 229 (class 1259 OID 16640)
-- Name: Categories; Type: TABLE; Schema: public; Owner: postgres
--

CREATE TABLE public."Categories" (
    "Name" text,
    "Id" integer NOT NULL,
    "SubCategory" integer
);


ALTER TABLE public."Categories" OWNER TO postgres;

--
-- TOC entry 224 (class 1259 OID 16558)
-- Name: FavoriteProducts_Id_seq; Type: SEQUENCE; Schema: public; Owner: postgres
--

CREATE SEQUENCE public."FavoriteProducts_Id_seq"
    AS integer
    START WITH 1
    INCREMENT BY 1
    NO MINVALUE
    NO MAXVALUE
    CACHE 1;


ALTER TABLE public."FavoriteProducts_Id_seq" OWNER TO postgres;

--
-- TOC entry 3462 (class 0 OID 0)
-- Dependencies: 224
-- Name: FavoriteProducts_Id_seq; Type: SEQUENCE OWNED BY; Schema: public; Owner: postgres
--

ALTER SEQUENCE public."FavoriteProducts_Id_seq" OWNED BY public."Cart"."Id";


--
-- TOC entry 221 (class 1259 OID 16525)
-- Name: Product; Type: TABLE; Schema: public; Owner: postgres
--

CREATE TABLE public."Product" (
    "Id" integer NOT NULL,
    "Name" text NOT NULL,
    "Price" double precision NOT NULL,
    "Size" text,
    "Platform" text NOT NULL,
    "Image" text NOT NULL,
    "CategoryId" integer,
    "Description" text
);


ALTER TABLE public."Product" OWNER TO postgres;

--
-- TOC entry 225 (class 1259 OID 16565)
-- Name: ProductCartRelation; Type: TABLE; Schema: public; Owner: postgres
--

CREATE TABLE public."ProductCartRelation" (
    "ProductId" integer NOT NULL,
    "FavoriteProductsId" integer NOT NULL
);


ALTER TABLE public."ProductCartRelation" OWNER TO postgres;

--
-- TOC entry 227 (class 1259 OID 16618)
-- Name: ProductRecentlyWatchedRelation; Type: TABLE; Schema: public; Owner: postgres
--

CREATE TABLE public."ProductRecentlyWatchedRelation" (
    "ProductId" integer NOT NULL,
    "RecentlyWatchedCartId" integer NOT NULL
);


ALTER TABLE public."ProductRecentlyWatchedRelation" OWNER TO postgres;

--
-- TOC entry 222 (class 1259 OID 16532)
-- Name: Product_Id_seq; Type: SEQUENCE; Schema: public; Owner: postgres
--

CREATE SEQUENCE public."Product_Id_seq"
    AS integer
    START WITH 1
    INCREMENT BY 1
    NO MINVALUE
    NO MAXVALUE
    CACHE 1;


ALTER TABLE public."Product_Id_seq" OWNER TO postgres;

--
-- TOC entry 3463 (class 0 OID 0)
-- Dependencies: 222
-- Name: Product_Id_seq; Type: SEQUENCE OWNED BY; Schema: public; Owner: postgres
--

ALTER SEQUENCE public."Product_Id_seq" OWNED BY public."Product"."Id";


--
-- TOC entry 226 (class 1259 OID 16606)
-- Name: RecentlyWatchedCart; Type: TABLE; Schema: public; Owner: postgres
--

CREATE TABLE public."RecentlyWatchedCart" (
    "Id" integer NOT NULL,
    "UserId" integer NOT NULL
);


ALTER TABLE public."RecentlyWatchedCart" OWNER TO postgres;

--
-- TOC entry 228 (class 1259 OID 16633)
-- Name: RecentlyWatchedCart_Id_seq; Type: SEQUENCE; Schema: public; Owner: postgres
--

CREATE SEQUENCE public."RecentlyWatchedCart_Id_seq"
    AS integer
    START WITH 1
    INCREMENT BY 1
    NO MINVALUE
    NO MAXVALUE
    CACHE 1;


ALTER TABLE public."RecentlyWatchedCart_Id_seq" OWNER TO postgres;

--
-- TOC entry 3464 (class 0 OID 0)
-- Dependencies: 228
-- Name: RecentlyWatchedCart_Id_seq; Type: SEQUENCE OWNED BY; Schema: public; Owner: postgres
--

ALTER SEQUENCE public."RecentlyWatchedCart_Id_seq" OWNED BY public."RecentlyWatchedCart"."Id";


--
-- TOC entry 230 (class 1259 OID 16703)
-- Name: Subcategory; Type: TABLE; Schema: public; Owner: postgres
--

CREATE TABLE public."Subcategory" (
    "Name" text,
    "Id" integer NOT NULL,
    "CategoryId" integer
);


ALTER TABLE public."Subcategory" OWNER TO postgres;

--
-- TOC entry 213 (class 1259 OID 16444)
-- Name: User; Type: TABLE; Schema: public; Owner: postgres
--

CREATE TABLE public."User" (
    "Id" integer NOT NULL,
    "Username" text NOT NULL,
    "Email" text NOT NULL,
    "Password" text NOT NULL,
    "Role" text NOT NULL
);


ALTER TABLE public."User" OWNER TO postgres;

--
-- TOC entry 212 (class 1259 OID 16443)
-- Name: User_Id_seq; Type: SEQUENCE; Schema: public; Owner: postgres
--

ALTER TABLE public."User" ALTER COLUMN "Id" ADD GENERATED BY DEFAULT AS IDENTITY (
    SEQUENCE NAME public."User_Id_seq"
    START WITH 1
    INCREMENT BY 1
    NO MINVALUE
    NO MAXVALUE
    CACHE 1
);


--
-- TOC entry 209 (class 1259 OID 16424)
-- Name: __EFMigrationsHistory; Type: TABLE; Schema: public; Owner: postgres
--

CREATE TABLE public."__EFMigrationsHistory" (
    "MigrationId" character varying(150) NOT NULL,
    "ProductVersion" character varying(32) NOT NULL
);


ALTER TABLE public."__EFMigrationsHistory" OWNER TO postgres;

--
-- TOC entry 3233 (class 2604 OID 16559)
-- Name: Cart Id; Type: DEFAULT; Schema: public; Owner: postgres
--

ALTER TABLE ONLY public."Cart" ALTER COLUMN "Id" SET DEFAULT nextval('public."FavoriteProducts_Id_seq"'::regclass);


--
-- TOC entry 3232 (class 2604 OID 16533)
-- Name: Product Id; Type: DEFAULT; Schema: public; Owner: postgres
--

ALTER TABLE ONLY public."Product" ALTER COLUMN "Id" SET DEFAULT nextval('public."Product_Id_seq"'::regclass);


--
-- TOC entry 3234 (class 2604 OID 16634)
-- Name: RecentlyWatchedCart Id; Type: DEFAULT; Schema: public; Owner: postgres
--

ALTER TABLE ONLY public."RecentlyWatchedCart" ALTER COLUMN "Id" SET DEFAULT nextval('public."RecentlyWatchedCart_Id_seq"'::regclass);


--
-- TOC entry 3441 (class 0 OID 16452)
-- Dependencies: 215
-- Data for Name: AspNetRoleClaims; Type: TABLE DATA; Schema: public; Owner: postgres
--



--
-- TOC entry 3436 (class 0 OID 16429)
-- Dependencies: 210
-- Data for Name: AspNetRoles; Type: TABLE DATA; Schema: public; Owner: postgres
--



--
-- TOC entry 3443 (class 0 OID 16465)
-- Dependencies: 217
-- Data for Name: AspNetUserClaims; Type: TABLE DATA; Schema: public; Owner: postgres
--



--
-- TOC entry 3444 (class 0 OID 16477)
-- Dependencies: 218
-- Data for Name: AspNetUserLogins; Type: TABLE DATA; Schema: public; Owner: postgres
--



--
-- TOC entry 3445 (class 0 OID 16489)
-- Dependencies: 219
-- Data for Name: AspNetUserRoles; Type: TABLE DATA; Schema: public; Owner: postgres
--



--
-- TOC entry 3446 (class 0 OID 16506)
-- Dependencies: 220
-- Data for Name: AspNetUserTokens; Type: TABLE DATA; Schema: public; Owner: postgres
--



--
-- TOC entry 3437 (class 0 OID 16436)
-- Dependencies: 211
-- Data for Name: AspNetUsers; Type: TABLE DATA; Schema: public; Owner: postgres
--

INSERT INTO public."AspNetUsers" ("Id", "UserName", "NormalizedUserName", "Email", "NormalizedEmail", "EmailConfirmed", "PasswordHash", "SecurityStamp", "ConcurrencyStamp", "PhoneNumber", "PhoneNumberConfirmed", "TwoFactorEnabled", "LockoutEnd", "LockoutEnabled", "AccessFailedCount") VALUES ('7d1e20d7-483e-4fc5-ac10-ee32bd29ee6e', 'Mark', 'MARK', 'mark@mail.com', 'MARK@MAIL.COM', false, 'AQAAAAEAACcQAAAAEPWQXEAeAaeRl6z1TrwhkIjcYq2wjSTXSzOt4LK2D1O56wXFwKKBMaNvXgOEvvubWg==', '3OO2ZPI3HPYFIEZ3YO5T45DSJMJ6RLNY', 'ee38c505-94db-4109-9300-ce63cc7fa8ca', NULL, false, false, NULL, true, 0);
INSERT INTO public."AspNetUsers" ("Id", "UserName", "NormalizedUserName", "Email", "NormalizedEmail", "EmailConfirmed", "PasswordHash", "SecurityStamp", "ConcurrencyStamp", "PhoneNumber", "PhoneNumberConfirmed", "TwoFactorEnabled", "LockoutEnd", "LockoutEnabled", "AccessFailedCount") VALUES ('5c06dd76-0db8-4544-a04e-fa96c8aae38e', 'Nina', 'NINA', 'nine@mail.com', 'NINE@MAIL.COM', false, 'AQAAAAEAACcQAAAAEN8E+McAGr/BSg4zUpdelYZZPACWNkOZn2bAjaRoErnvh2uv8V4PXcW8DuJFEACA4A==', 'VY7FKME6BROZ4SPBS6R6XMIMHGLQE44N', 'bcbfe067-0e47-40bb-877d-2198e255ad5d', NULL, false, false, NULL, true, 0);
INSERT INTO public."AspNetUsers" ("Id", "UserName", "NormalizedUserName", "Email", "NormalizedEmail", "EmailConfirmed", "PasswordHash", "SecurityStamp", "ConcurrencyStamp", "PhoneNumber", "PhoneNumberConfirmed", "TwoFactorEnabled", "LockoutEnd", "LockoutEnabled", "AccessFailedCount") VALUES ('282b8271-812a-449a-9647-97f61e5c26b9', 'tom', 'TOM', 'tom@mail.com', 'TOM@MAIL.COM', false, 'AQAAAAEAACcQAAAAEKEjSbfvKkHkw08Hl6JKAg1VDP4ZCgafRVjOYzfPdvOMOGNbncZzEUPoqf0VF+JZpw==', 'NXODC6F2756C3YBA5JDFLQBZYKMKS3LF', '734c72ca-606c-4d05-b665-3441f05a9d33', NULL, false, false, NULL, true, 0);


--
-- TOC entry 3449 (class 0 OID 16539)
-- Dependencies: 223
-- Data for Name: Cart; Type: TABLE DATA; Schema: public; Owner: postgres
--

INSERT INTO public."Cart" ("UserId", "Id") VALUES (30, 126);
INSERT INTO public."Cart" ("UserId", "Id") VALUES (31, 127);
INSERT INTO public."Cart" ("UserId", "Id") VALUES (15, 134);
INSERT INTO public."Cart" ("UserId", "Id") VALUES (28, 1);
INSERT INTO public."Cart" ("UserId", "Id") VALUES (22, 2);
INSERT INTO public."Cart" ("UserId", "Id") VALUES (24, 3);


--
-- TOC entry 3455 (class 0 OID 16640)
-- Dependencies: 229
-- Data for Name: Categories; Type: TABLE DATA; Schema: public; Owner: postgres
--

INSERT INTO public."Categories" ("Name", "Id", "SubCategory") VALUES ('40-60 литров', 3, 1);
INSERT INTO public."Categories" ("Name", "Id", "SubCategory") VALUES ('20-40 литров', 2, 1);
INSERT INTO public."Categories" ("Name", "Id", "SubCategory") VALUES ('от 100 литров', 6, 1);
INSERT INTO public."Categories" ("Name", "Id", "SubCategory") VALUES ('80-100 литров', 5, 1);
INSERT INTO public."Categories" ("Name", "Id", "SubCategory") VALUES ('60-80 литров', 4, 1);
INSERT INTO public."Categories" ("Name", "Id", "SubCategory") VALUES ('до 20 литров', 1, 1);
INSERT INTO public."Categories" ("Name", "Id", "SubCategory") VALUES ('Ботинки', 7, 3);
INSERT INTO public."Categories" ("Name", "Id", "SubCategory") VALUES ('Кроссовки', 8, 3);
INSERT INTO public."Categories" ("Name", "Id", "SubCategory") VALUES ('Куртки', 9, 2);
INSERT INTO public."Categories" ("Name", "Id", "SubCategory") VALUES ('Ветровки', 10, 2);
INSERT INTO public."Categories" ("Name", "Id", "SubCategory") VALUES ('Карабины', 11, 5);
INSERT INTO public."Categories" ("Name", "Id", "SubCategory") VALUES ('Каски', 12, 5);
INSERT INTO public."Categories" ("Name", "Id", "SubCategory") VALUES ('Одноместные палатки', 13, 4);
INSERT INTO public."Categories" ("Name", "Id", "SubCategory") VALUES ('Двухместные палатки', 14, 4);
INSERT INTO public."Categories" ("Name", "Id", "SubCategory") VALUES ('Трехместные палатки', 15, 4);


--
-- TOC entry 3447 (class 0 OID 16525)
-- Dependencies: 221
-- Data for Name: Product; Type: TABLE DATA; Schema: public; Owner: postgres
--

INSERT INTO public."Product" ("Id", "Name", "Price", "Size", "Platform", "Image", "CategoryId", "Description") VALUES (15, 'Палатка RedFox Cave 6', 44999, '', 'link1', 'redfoxcave6.jpg', 14, NULL);
INSERT INTO public."Product" ("Id", "Name", "Price", "Size", "Platform", "Image", "CategoryId", "Description") VALUES (14, 'Палатка RedFox Challenger3', 12999, '', 'link1', 'challenger3_2.jpg', 13, NULL);
INSERT INTO public."Product" ("Id", "Name", "Price", "Size", "Platform", "Image", "CategoryId", "Description") VALUES (16, 'Палатка MSR Solo', 17999, '', 'link1', 'msr.jpg', 15, NULL);
INSERT INTO public."Product" ("Id", "Name", "Price", "Size", "Platform", "Image", "CategoryId", "Description") VALUES (20, 'Рюкзак Deuter AirContact 65', 3499, '', 'link', 'deuter65.jpeg', 1, NULL);
INSERT INTO public."Product" ("Id", "Name", "Price", "Size", "Platform", "Image", "CategoryId", "Description") VALUES (19, 'Рюкзак Deuter AirContact 45', 5999, '', 'link1', 'deuter45.jpg', 2, NULL);
INSERT INTO public."Product" ("Id", "Name", "Price", "Size", "Platform", "Image", "CategoryId", "Description") VALUES (22, 'Рюкзак Tatonka Bison 85', 4000, '', 'link', 'tatonka85.jpg', 5, NULL);
INSERT INTO public."Product" ("Id", "Name", "Price", "Size", "Platform", "Image", "CategoryId", "Description") VALUES (21, 'Рюкзак Tatonka Akela 35', 24999, '', 'link', 'tatonka_akela_35_6.jpg', 6, NULL);
INSERT INTO public."Product" ("Id", "Name", "Price", "Size", "Platform", "Image", "CategoryId", "Description") VALUES (9, 'Куртка Arc''teryx gamma mx hoody', 26999, '52', 'link1', 'arcteryx_jacket1.jpg', 9, 'Arcteryx Beta AR – универсальная модель, которая подойдет для альпинизма, лыжного туризма (Backcountry Skiing), пешего туризма и зимних видов спорта. Она надежно защищает от штормового ветра, снега, проливного дождя. Куртка оснащена капюшоном, совместимым со шлемом, манжетами с регулировкой, светоотражающими логотипами для безопасности в условиях низкой освещённости в горах и несколькими карманами. Куртка имеет заранее сформированный изгиб в области локтей, вентиляцию и особые вставки в области подмышек, которые исключают задирание куртки вслед за поднятием рук.

• материал/мембрана: Gore-Tex Pro 3L (N80d/N40d);
• ткань обработана специальной пропиткой DWR (Durable Water Repellent) для усиления водоотталкивающих свойств;
• капюшон DropHood™ с удобной регулировкой объема Cohaesive ™совместим со шлемом;
• воротник высокий с мягкой защитой подбородка от соприкосновения с замком молнии;
• центральная молния WaterTight™ Vislon с внутренней ветрозащитной планкой;
• два боковых высокорасположенных кармана на молниях с удобным доступом при использовании страховочной системы и ношении рюказака;
• внутренний карман на молнии;
• вентиляция на влагозащитных молниях WaterTight™ расположена в области подмышек;
• область локтей артикулированная;
• объем манжет регулируется прочными липучками Velcro®;
• подол регулируется по объему эластичным шнуром для лучшей защиты;
• стандарнтный крой с умеренной артикуляцией и учетом особенностей мужской фигуры;
• все швы водонепроницаемые, проклеены по технологии Gore seam tape, ширина 1.6 мм;
• серия Beta: одежда для повсеместного использования в горных условиях. Одежда очень удобная, средней длины и с умеренной артикуляцией в критических местах;
• аббревиатура AR (All Around) означает, что одежда функциональная, обеспечивает защиту от атмосферных воздействий и универсальная, подходит для разных мероприятий и активностей.');
INSERT INTO public."Product" ("Id", "Name", "Price", "Size", "Platform", "Image", "CategoryId", "Description") VALUES (2, 'Рюкзак Deuter Futura 26', 5000, NULL, 'link', 'deuter_futura26.jpg', 2, 'custom desc');
INSERT INTO public."Product" ("Id", "Name", "Price", "Size", "Platform", "Image", "CategoryId", "Description") VALUES (3, 'Рюкзак Osprey green 20', 4000, NULL, 'link', 'osprey_green20.jpg', 2, 'custom desc');
INSERT INTO public."Product" ("Id", "Name", "Price", "Size", "Platform", "Image", "CategoryId", "Description") VALUES (1, 'Рюкзак BASK Python v3 120 л', 12000, NULL, 'link', 'bask_python120.jpeg', 6, 'custom desc');
INSERT INTO public."Product" ("Id", "Name", "Price", "Size", "Platform", "Image", "CategoryId", "Description") VALUES (18, 'Рюкзак Osprey Purple', 11999, '', 'link1', 'osprey_purple.jpg', 5, NULL);
INSERT INTO public."Product" ("Id", "Name", "Price", "Size", "Platform", "Image", "CategoryId", "Description") VALUES (5, 'Ботинки LOWA Camino GTX - GORE TEX', 22222, '45', 'link', 'LOWA Camino GTX - GORE TEX.jpeg', 7, 'custom desc');
INSERT INTO public."Product" ("Id", "Name", "Price", "Size", "Platform", "Image", "CategoryId", "Description") VALUES (17, 'Рюкзак Osprey Kamber 32', 2999, '', 'link1', 'osprey_kamber32.jpg', 3, NULL);
INSERT INTO public."Product" ("Id", "Name", "Price", "Size", "Platform", "Image", "CategoryId", "Description") VALUES (11, 'Карабин Camp DYON Red', 800, '', 'link1', 'Camp_DYON_Red.jpeg', 11, NULL);
INSERT INTO public."Product" ("Id", "Name", "Price", "Size", "Platform", "Image", "CategoryId", "Description") VALUES (6, 'Ботинки Asolo Alpine Piz Gv Azure', 24999, '39', 'link', 'asolo_trek.jpg', 7, NULL);
INSERT INTO public."Product" ("Id", "Name", "Price", "Size", "Platform", "Image", "CategoryId", "Description") VALUES (8, 'Кроссовки Mammut low gtx darkradiant grey', 3000, '42', 'link', 'low-gtx-m_darkradiant-grey_main.jpg', 8, NULL);
INSERT INTO public."Product" ("Id", "Name", "Price", "Size", "Platform", "Image", "CategoryId", "Description") VALUES (7, 'Кроссовки Mammut Redburn Low GTX Women', 4000, '46', 'link', 'mammutLow.jpg', 8, NULL);
INSERT INTO public."Product" ("Id", "Name", "Price", "Size", "Platform", "Image", "CategoryId", "Description") VALUES (10, 'Ветровка Arc''teryx Alpha SV', 17999, '58', 'link1', 'arcteryx_jacket2.jpg', 10, NULL);
INSERT INTO public."Product" ("Id", "Name", "Price", "Size", "Platform", "Image", "CategoryId", "Description") VALUES (12, 'Каска Petzl meteor 2 orange', 14299, '52', 'link1', 'kaska_petzl_meteor_2_orange.jpeg', 12, NULL);
INSERT INTO public."Product" ("Id", "Name", "Price", "Size", "Platform", "Image", "CategoryId", "Description") VALUES (13, 'Каска Petzl VERTEX', 12999, '50', 'link1', 'VERTEX.jpg', 12, NULL);


--
-- TOC entry 3451 (class 0 OID 16565)
-- Dependencies: 225
-- Data for Name: ProductCartRelation; Type: TABLE DATA; Schema: public; Owner: postgres
--

INSERT INTO public."ProductCartRelation" ("ProductId", "FavoriteProductsId") VALUES (1, 1);
INSERT INTO public."ProductCartRelation" ("ProductId", "FavoriteProductsId") VALUES (5, 1);
INSERT INTO public."ProductCartRelation" ("ProductId", "FavoriteProductsId") VALUES (14, 1);
INSERT INTO public."ProductCartRelation" ("ProductId", "FavoriteProductsId") VALUES (13, 1);
INSERT INTO public."ProductCartRelation" ("ProductId", "FavoriteProductsId") VALUES (7, 1);
INSERT INTO public."ProductCartRelation" ("ProductId", "FavoriteProductsId") VALUES (1, 126);
INSERT INTO public."ProductCartRelation" ("ProductId", "FavoriteProductsId") VALUES (1, 127);
INSERT INTO public."ProductCartRelation" ("ProductId", "FavoriteProductsId") VALUES (2, 127);
INSERT INTO public."ProductCartRelation" ("ProductId", "FavoriteProductsId") VALUES (2, 126);
INSERT INTO public."ProductCartRelation" ("ProductId", "FavoriteProductsId") VALUES (3, 126);
INSERT INTO public."ProductCartRelation" ("ProductId", "FavoriteProductsId") VALUES (9, 126);
INSERT INTO public."ProductCartRelation" ("ProductId", "FavoriteProductsId") VALUES (1, 134);
INSERT INTO public."ProductCartRelation" ("ProductId", "FavoriteProductsId") VALUES (2, 134);


--
-- TOC entry 3453 (class 0 OID 16618)
-- Dependencies: 227
-- Data for Name: ProductRecentlyWatchedRelation; Type: TABLE DATA; Schema: public; Owner: postgres
--

INSERT INTO public."ProductRecentlyWatchedRelation" ("ProductId", "RecentlyWatchedCartId") VALUES (15, 190);
INSERT INTO public."ProductRecentlyWatchedRelation" ("ProductId", "RecentlyWatchedCartId") VALUES (14, 190);
INSERT INTO public."ProductRecentlyWatchedRelation" ("ProductId", "RecentlyWatchedCartId") VALUES (9, 221);
INSERT INTO public."ProductRecentlyWatchedRelation" ("ProductId", "RecentlyWatchedCartId") VALUES (1, 221);
INSERT INTO public."ProductRecentlyWatchedRelation" ("ProductId", "RecentlyWatchedCartId") VALUES (13, 221);
INSERT INTO public."ProductRecentlyWatchedRelation" ("ProductId", "RecentlyWatchedCartId") VALUES (15, 127);
INSERT INTO public."ProductRecentlyWatchedRelation" ("ProductId", "RecentlyWatchedCartId") VALUES (14, 127);
INSERT INTO public."ProductRecentlyWatchedRelation" ("ProductId", "RecentlyWatchedCartId") VALUES (16, 127);
INSERT INTO public."ProductRecentlyWatchedRelation" ("ProductId", "RecentlyWatchedCartId") VALUES (22, 127);
INSERT INTO public."ProductRecentlyWatchedRelation" ("ProductId", "RecentlyWatchedCartId") VALUES (21, 131);
INSERT INTO public."ProductRecentlyWatchedRelation" ("ProductId", "RecentlyWatchedCartId") VALUES (6, 131);
INSERT INTO public."ProductRecentlyWatchedRelation" ("ProductId", "RecentlyWatchedCartId") VALUES (12, 131);
INSERT INTO public."ProductRecentlyWatchedRelation" ("ProductId", "RecentlyWatchedCartId") VALUES (13, 131);
INSERT INTO public."ProductRecentlyWatchedRelation" ("ProductId", "RecentlyWatchedCartId") VALUES (15, 62);
INSERT INTO public."ProductRecentlyWatchedRelation" ("ProductId", "RecentlyWatchedCartId") VALUES (14, 62);
INSERT INTO public."ProductRecentlyWatchedRelation" ("ProductId", "RecentlyWatchedCartId") VALUES (22, 62);
INSERT INTO public."ProductRecentlyWatchedRelation" ("ProductId", "RecentlyWatchedCartId") VALUES (18, 62);
INSERT INTO public."ProductRecentlyWatchedRelation" ("ProductId", "RecentlyWatchedCartId") VALUES (20, 158);
INSERT INTO public."ProductRecentlyWatchedRelation" ("ProductId", "RecentlyWatchedCartId") VALUES (9, 158);
INSERT INTO public."ProductRecentlyWatchedRelation" ("ProductId", "RecentlyWatchedCartId") VALUES (14, 158);
INSERT INTO public."ProductRecentlyWatchedRelation" ("ProductId", "RecentlyWatchedCartId") VALUES (11, 158);


--
-- TOC entry 3452 (class 0 OID 16606)
-- Dependencies: 226
-- Data for Name: RecentlyWatchedCart; Type: TABLE DATA; Schema: public; Owner: postgres
--

INSERT INTO public."RecentlyWatchedCart" ("Id", "UserId") VALUES (62, 31);
INSERT INTO public."RecentlyWatchedCart" ("Id", "UserId") VALUES (127, 12);
INSERT INTO public."RecentlyWatchedCart" ("Id", "UserId") VALUES (131, 24);
INSERT INTO public."RecentlyWatchedCart" ("Id", "UserId") VALUES (158, 15);
INSERT INTO public."RecentlyWatchedCart" ("Id", "UserId") VALUES (190, 22);
INSERT INTO public."RecentlyWatchedCart" ("Id", "UserId") VALUES (221, 30);


--
-- TOC entry 3456 (class 0 OID 16703)
-- Dependencies: 230
-- Data for Name: Subcategory; Type: TABLE DATA; Schema: public; Owner: postgres
--

INSERT INTO public."Subcategory" ("Name", "Id", "CategoryId") VALUES ('Рюкзаки', 1, NULL);
INSERT INTO public."Subcategory" ("Name", "Id", "CategoryId") VALUES ('Одежда', 2, NULL);
INSERT INTO public."Subcategory" ("Name", "Id", "CategoryId") VALUES ('Снаряжение', 5, NULL);
INSERT INTO public."Subcategory" ("Name", "Id", "CategoryId") VALUES ('Палатки', 4, NULL);
INSERT INTO public."Subcategory" ("Name", "Id", "CategoryId") VALUES ('Обувь', 3, NULL);


--
-- TOC entry 3439 (class 0 OID 16444)
-- Dependencies: 213
-- Data for Name: User; Type: TABLE DATA; Schema: public; Owner: postgres
--

INSERT INTO public."User" ("Id", "Username", "Email", "Password", "Role") VALUES (10, 'Ипполит', 'ippolit@mail.com', '111', 'user');
INSERT INTO public."User" ("Id", "Username", "Email", "Password", "Role") VALUES (12, 'Анатолий', 'tolik@mail.com', '123', 'user');
INSERT INTO public."User" ("Id", "Username", "Email", "Password", "Role") VALUES (15, 'Коля', 'k@mail.com', '123', 'user');
INSERT INTO public."User" ("Id", "Username", "Email", "Password", "Role") VALUES (17, 'Елена', 'e@mail.com', '123', 'user');
INSERT INTO public."User" ("Id", "Username", "Email", "Password", "Role") VALUES (21, 'Саша', 's@mail.com', '123', 'user');
INSERT INTO public."User" ("Id", "Username", "Email", "Password", "Role") VALUES (24, 'Тимофей', 't@mail.com', '123', 'user');
INSERT INTO public."User" ("Id", "Username", "Email", "Password", "Role") VALUES (25, 'Константин', 'k@mail.com', '123', 'user');
INSERT INTO public."User" ("Id", "Username", "Email", "Password", "Role") VALUES (27, 'Агафья', 'agaf@mail.com', '123', 'user');
INSERT INTO public."User" ("Id", "Username", "Email", "Password", "Role") VALUES (28, 'Аделаида', 'aldel@mail.com', '123', 'premium');
INSERT INTO public."User" ("Id", "Username", "Email", "Password", "Role") VALUES (29, 'Аня', 'ana@mail.com', '123', 'user');
INSERT INTO public."User" ("Id", "Username", "Email", "Password", "Role") VALUES (30, 'Эвелина', 'eve@mail.com', '123', 'admin');
INSERT INTO public."User" ("Id", "Username", "Email", "Password", "Role") VALUES (32, 'Oleg', 'petr@mail.com', '13434342342343', 'user');
INSERT INTO public."User" ("Id", "Username", "Email", "Password", "Role") VALUES (31, 'Петр', 'petr@mail.com', '111', 'user');
INSERT INTO public."User" ("Id", "Username", "Email", "Password", "Role") VALUES (42, 'Никита', 'nikitos@mail.com', 'cjcbgbcjkc', 'user');
INSERT INTO public."User" ("Id", "Username", "Email", "Password", "Role") VALUES (22, 'Маша', 'm@mail.com', '222', 'user');


--
-- TOC entry 3435 (class 0 OID 16424)
-- Dependencies: 209
-- Data for Name: __EFMigrationsHistory; Type: TABLE DATA; Schema: public; Owner: postgres
--

INSERT INTO public."__EFMigrationsHistory" ("MigrationId", "ProductVersion") VALUES ('20221014064054_Initial', '7.0.0-rc.2.22472.11');


--
-- TOC entry 3465 (class 0 OID 0)
-- Dependencies: 214
-- Name: AspNetRoleClaims_Id_seq; Type: SEQUENCE SET; Schema: public; Owner: postgres
--

SELECT pg_catalog.setval('public."AspNetRoleClaims_Id_seq"', 1, false);


--
-- TOC entry 3466 (class 0 OID 0)
-- Dependencies: 216
-- Name: AspNetUserClaims_Id_seq; Type: SEQUENCE SET; Schema: public; Owner: postgres
--

SELECT pg_catalog.setval('public."AspNetUserClaims_Id_seq"', 1, false);


--
-- TOC entry 3467 (class 0 OID 0)
-- Dependencies: 224
-- Name: FavoriteProducts_Id_seq; Type: SEQUENCE SET; Schema: public; Owner: postgres
--

SELECT pg_catalog.setval('public."FavoriteProducts_Id_seq"', 137, true);


--
-- TOC entry 3468 (class 0 OID 0)
-- Dependencies: 222
-- Name: Product_Id_seq; Type: SEQUENCE SET; Schema: public; Owner: postgres
--

SELECT pg_catalog.setval('public."Product_Id_seq"', 8, true);


--
-- TOC entry 3469 (class 0 OID 0)
-- Dependencies: 228
-- Name: RecentlyWatchedCart_Id_seq; Type: SEQUENCE SET; Schema: public; Owner: postgres
--

SELECT pg_catalog.setval('public."RecentlyWatchedCart_Id_seq"', 231, true);


--
-- TOC entry 3470 (class 0 OID 0)
-- Dependencies: 212
-- Name: User_Id_seq; Type: SEQUENCE SET; Schema: public; Owner: postgres
--

SELECT pg_catalog.setval('public."User_Id_seq"', 42, true);


--
-- TOC entry 3275 (class 2606 OID 16683)
-- Name: Categories Categories_uk; Type: CONSTRAINT; Schema: public; Owner: postgres
--

ALTER TABLE ONLY public."Categories"
    ADD CONSTRAINT "Categories_uk" UNIQUE ("Id");


--
-- TOC entry 3263 (class 2606 OID 16557)
-- Name: Cart FavoriteProducts_pk; Type: CONSTRAINT; Schema: public; Owner: postgres
--

ALTER TABLE ONLY public."Cart"
    ADD CONSTRAINT "FavoriteProducts_pk" PRIMARY KEY ("Id");


--
-- TOC entry 3265 (class 2606 OID 16555)
-- Name: Cart FavoriteProducts_uk; Type: CONSTRAINT; Schema: public; Owner: postgres
--

ALTER TABLE ONLY public."Cart"
    ADD CONSTRAINT "FavoriteProducts_uk" UNIQUE ("UserId");


--
-- TOC entry 3248 (class 2606 OID 16458)
-- Name: AspNetRoleClaims PK_AspNetRoleClaims; Type: CONSTRAINT; Schema: public; Owner: postgres
--

ALTER TABLE ONLY public."AspNetRoleClaims"
    ADD CONSTRAINT "PK_AspNetRoleClaims" PRIMARY KEY ("Id");


--
-- TOC entry 3238 (class 2606 OID 16435)
-- Name: AspNetRoles PK_AspNetRoles; Type: CONSTRAINT; Schema: public; Owner: postgres
--

ALTER TABLE ONLY public."AspNetRoles"
    ADD CONSTRAINT "PK_AspNetRoles" PRIMARY KEY ("Id");


--
-- TOC entry 3251 (class 2606 OID 16471)
-- Name: AspNetUserClaims PK_AspNetUserClaims; Type: CONSTRAINT; Schema: public; Owner: postgres
--

ALTER TABLE ONLY public."AspNetUserClaims"
    ADD CONSTRAINT "PK_AspNetUserClaims" PRIMARY KEY ("Id");


--
-- TOC entry 3254 (class 2606 OID 16483)
-- Name: AspNetUserLogins PK_AspNetUserLogins; Type: CONSTRAINT; Schema: public; Owner: postgres
--

ALTER TABLE ONLY public."AspNetUserLogins"
    ADD CONSTRAINT "PK_AspNetUserLogins" PRIMARY KEY ("LoginProvider", "ProviderKey");


--
-- TOC entry 3257 (class 2606 OID 16495)
-- Name: AspNetUserRoles PK_AspNetUserRoles; Type: CONSTRAINT; Schema: public; Owner: postgres
--

ALTER TABLE ONLY public."AspNetUserRoles"
    ADD CONSTRAINT "PK_AspNetUserRoles" PRIMARY KEY ("UserId", "RoleId");


--
-- TOC entry 3259 (class 2606 OID 16512)
-- Name: AspNetUserTokens PK_AspNetUserTokens; Type: CONSTRAINT; Schema: public; Owner: postgres
--

ALTER TABLE ONLY public."AspNetUserTokens"
    ADD CONSTRAINT "PK_AspNetUserTokens" PRIMARY KEY ("UserId", "LoginProvider", "Name");


--
-- TOC entry 3242 (class 2606 OID 16442)
-- Name: AspNetUsers PK_AspNetUsers; Type: CONSTRAINT; Schema: public; Owner: postgres
--

ALTER TABLE ONLY public."AspNetUsers"
    ADD CONSTRAINT "PK_AspNetUsers" PRIMARY KEY ("Id");


--
-- TOC entry 3245 (class 2606 OID 16450)
-- Name: User PK_User; Type: CONSTRAINT; Schema: public; Owner: postgres
--

ALTER TABLE ONLY public."User"
    ADD CONSTRAINT "PK_User" PRIMARY KEY ("Id");


--
-- TOC entry 3236 (class 2606 OID 16428)
-- Name: __EFMigrationsHistory PK___EFMigrationsHistory; Type: CONSTRAINT; Schema: public; Owner: postgres
--

ALTER TABLE ONLY public."__EFMigrationsHistory"
    ADD CONSTRAINT "PK___EFMigrationsHistory" PRIMARY KEY ("MigrationId");


--
-- TOC entry 3267 (class 2606 OID 16569)
-- Name: ProductCartRelation ProductFavoriteProducts_pkey; Type: CONSTRAINT; Schema: public; Owner: postgres
--

ALTER TABLE ONLY public."ProductCartRelation"
    ADD CONSTRAINT "ProductFavoriteProducts_pkey" PRIMARY KEY ("ProductId", "FavoriteProductsId");


--
-- TOC entry 3273 (class 2606 OID 16622)
-- Name: ProductRecentlyWatchedRelation ProductRecentlyWatchedRelation_pk; Type: CONSTRAINT; Schema: public; Owner: postgres
--

ALTER TABLE ONLY public."ProductRecentlyWatchedRelation"
    ADD CONSTRAINT "ProductRecentlyWatchedRelation_pk" PRIMARY KEY ("RecentlyWatchedCartId", "ProductId");


--
-- TOC entry 3261 (class 2606 OID 16529)
-- Name: Product Product_pk; Type: CONSTRAINT; Schema: public; Owner: postgres
--

ALTER TABLE ONLY public."Product"
    ADD CONSTRAINT "Product_pk" PRIMARY KEY ("Id");


--
-- TOC entry 3269 (class 2606 OID 16610)
-- Name: RecentlyWatchedCart RecentlyWatchedCart_pk; Type: CONSTRAINT; Schema: public; Owner: postgres
--

ALTER TABLE ONLY public."RecentlyWatchedCart"
    ADD CONSTRAINT "RecentlyWatchedCart_pk" PRIMARY KEY ("Id");


--
-- TOC entry 3277 (class 2606 OID 16702)
-- Name: Categories Subcategories_pk; Type: CONSTRAINT; Schema: public; Owner: postgres
--

ALTER TABLE ONLY public."Categories"
    ADD CONSTRAINT "Subcategories_pk" PRIMARY KEY ("Id");


--
-- TOC entry 3279 (class 2606 OID 16709)
-- Name: Subcategory Subcategory_pk; Type: CONSTRAINT; Schema: public; Owner: postgres
--

ALTER TABLE ONLY public."Subcategory"
    ADD CONSTRAINT "Subcategory_pk" PRIMARY KEY ("Id");


--
-- TOC entry 3271 (class 2606 OID 16612)
-- Name: RecentlyWatchedCart uk; Type: CONSTRAINT; Schema: public; Owner: postgres
--

ALTER TABLE ONLY public."RecentlyWatchedCart"
    ADD CONSTRAINT uk UNIQUE ("UserId");


--
-- TOC entry 3240 (class 1259 OID 16523)
-- Name: EmailIndex; Type: INDEX; Schema: public; Owner: postgres
--

CREATE INDEX "EmailIndex" ON public."AspNetUsers" USING btree ("NormalizedEmail");


--
-- TOC entry 3246 (class 1259 OID 16518)
-- Name: IX_AspNetRoleClaims_RoleId; Type: INDEX; Schema: public; Owner: postgres
--

CREATE INDEX "IX_AspNetRoleClaims_RoleId" ON public."AspNetRoleClaims" USING btree ("RoleId");


--
-- TOC entry 3249 (class 1259 OID 16520)
-- Name: IX_AspNetUserClaims_UserId; Type: INDEX; Schema: public; Owner: postgres
--

CREATE INDEX "IX_AspNetUserClaims_UserId" ON public."AspNetUserClaims" USING btree ("UserId");


--
-- TOC entry 3252 (class 1259 OID 16521)
-- Name: IX_AspNetUserLogins_UserId; Type: INDEX; Schema: public; Owner: postgres
--

CREATE INDEX "IX_AspNetUserLogins_UserId" ON public."AspNetUserLogins" USING btree ("UserId");


--
-- TOC entry 3255 (class 1259 OID 16522)
-- Name: IX_AspNetUserRoles_RoleId; Type: INDEX; Schema: public; Owner: postgres
--

CREATE INDEX "IX_AspNetUserRoles_RoleId" ON public."AspNetUserRoles" USING btree ("RoleId");


--
-- TOC entry 3239 (class 1259 OID 16519)
-- Name: RoleNameIndex; Type: INDEX; Schema: public; Owner: postgres
--

CREATE UNIQUE INDEX "RoleNameIndex" ON public."AspNetRoles" USING btree ("NormalizedName");


--
-- TOC entry 3243 (class 1259 OID 16524)
-- Name: UserNameIndex; Type: INDEX; Schema: public; Owner: postgres
--

CREATE UNIQUE INDEX "UserNameIndex" ON public."AspNetUsers" USING btree ("NormalizedUserName");


--
-- TOC entry 3295 (class 2620 OID 16755)
-- Name: User delete_user_trigger; Type: TRIGGER; Schema: public; Owner: postgres
--

CREATE TRIGGER delete_user_trigger BEFORE DELETE ON public."User" FOR EACH ROW EXECUTE FUNCTION public.delete_user_function();


--
-- TOC entry 3294 (class 2620 OID 16757)
-- Name: User registration_user_trigger; Type: TRIGGER; Schema: public; Owner: postgres
--

CREATE TRIGGER registration_user_trigger BEFORE INSERT ON public."User" FOR EACH ROW EXECUTE FUNCTION public.registration_user_function();


--
-- TOC entry 3293 (class 2606 OID 16715)
-- Name: Categories Categories_Subcategory_null_fk; Type: FK CONSTRAINT; Schema: public; Owner: postgres
--

ALTER TABLE ONLY public."Categories"
    ADD CONSTRAINT "Categories_Subcategory_null_fk" FOREIGN KEY ("SubCategory") REFERENCES public."Subcategory"("Id");


--
-- TOC entry 3280 (class 2606 OID 16459)
-- Name: AspNetRoleClaims FK_AspNetRoleClaims_AspNetRoles_RoleId; Type: FK CONSTRAINT; Schema: public; Owner: postgres
--

ALTER TABLE ONLY public."AspNetRoleClaims"
    ADD CONSTRAINT "FK_AspNetRoleClaims_AspNetRoles_RoleId" FOREIGN KEY ("RoleId") REFERENCES public."AspNetRoles"("Id") ON DELETE CASCADE;


--
-- TOC entry 3281 (class 2606 OID 16472)
-- Name: AspNetUserClaims FK_AspNetUserClaims_AspNetUsers_UserId; Type: FK CONSTRAINT; Schema: public; Owner: postgres
--

ALTER TABLE ONLY public."AspNetUserClaims"
    ADD CONSTRAINT "FK_AspNetUserClaims_AspNetUsers_UserId" FOREIGN KEY ("UserId") REFERENCES public."AspNetUsers"("Id") ON DELETE CASCADE;


--
-- TOC entry 3282 (class 2606 OID 16484)
-- Name: AspNetUserLogins FK_AspNetUserLogins_AspNetUsers_UserId; Type: FK CONSTRAINT; Schema: public; Owner: postgres
--

ALTER TABLE ONLY public."AspNetUserLogins"
    ADD CONSTRAINT "FK_AspNetUserLogins_AspNetUsers_UserId" FOREIGN KEY ("UserId") REFERENCES public."AspNetUsers"("Id") ON DELETE CASCADE;


--
-- TOC entry 3283 (class 2606 OID 16496)
-- Name: AspNetUserRoles FK_AspNetUserRoles_AspNetRoles_RoleId; Type: FK CONSTRAINT; Schema: public; Owner: postgres
--

ALTER TABLE ONLY public."AspNetUserRoles"
    ADD CONSTRAINT "FK_AspNetUserRoles_AspNetRoles_RoleId" FOREIGN KEY ("RoleId") REFERENCES public."AspNetRoles"("Id") ON DELETE CASCADE;


--
-- TOC entry 3284 (class 2606 OID 16501)
-- Name: AspNetUserRoles FK_AspNetUserRoles_AspNetUsers_UserId; Type: FK CONSTRAINT; Schema: public; Owner: postgres
--

ALTER TABLE ONLY public."AspNetUserRoles"
    ADD CONSTRAINT "FK_AspNetUserRoles_AspNetUsers_UserId" FOREIGN KEY ("UserId") REFERENCES public."AspNetUsers"("Id") ON DELETE CASCADE;


--
-- TOC entry 3285 (class 2606 OID 16513)
-- Name: AspNetUserTokens FK_AspNetUserTokens_AspNetUsers_UserId; Type: FK CONSTRAINT; Schema: public; Owner: postgres
--

ALTER TABLE ONLY public."AspNetUserTokens"
    ADD CONSTRAINT "FK_AspNetUserTokens_AspNetUsers_UserId" FOREIGN KEY ("UserId") REFERENCES public."AspNetUsers"("Id") ON DELETE CASCADE;


--
-- TOC entry 3287 (class 2606 OID 16741)
-- Name: Cart FavoriteProducts_User_null_fk; Type: FK CONSTRAINT; Schema: public; Owner: postgres
--

ALTER TABLE ONLY public."Cart"
    ADD CONSTRAINT "FavoriteProducts_User_null_fk" FOREIGN KEY ("UserId") REFERENCES public."User"("Id");


--
-- TOC entry 3289 (class 2606 OID 16635)
-- Name: ProductCartRelation ProductCartRelation_Product_Id_fk; Type: FK CONSTRAINT; Schema: public; Owner: postgres
--

ALTER TABLE ONLY public."ProductCartRelation"
    ADD CONSTRAINT "ProductCartRelation_Product_Id_fk" FOREIGN KEY ("ProductId") REFERENCES public."Product"("Id");


--
-- TOC entry 3288 (class 2606 OID 16575)
-- Name: ProductCartRelation ProductFavoriteProducts_FavoriteProducts_null_fk; Type: FK CONSTRAINT; Schema: public; Owner: postgres
--

ALTER TABLE ONLY public."ProductCartRelation"
    ADD CONSTRAINT "ProductFavoriteProducts_FavoriteProducts_null_fk" FOREIGN KEY ("FavoriteProductsId") REFERENCES public."Cart"("Id");


--
-- TOC entry 3291 (class 2606 OID 16623)
-- Name: ProductRecentlyWatchedRelation ProductRecentlyWatchedRelation_Product_null_fk; Type: FK CONSTRAINT; Schema: public; Owner: postgres
--

ALTER TABLE ONLY public."ProductRecentlyWatchedRelation"
    ADD CONSTRAINT "ProductRecentlyWatchedRelation_Product_null_fk" FOREIGN KEY ("ProductId") REFERENCES public."Product"("Id");


--
-- TOC entry 3292 (class 2606 OID 16628)
-- Name: ProductRecentlyWatchedRelation ProductRecentlyWatchedRelation_RecentlyWatchedCart_null_fk; Type: FK CONSTRAINT; Schema: public; Owner: postgres
--

ALTER TABLE ONLY public."ProductRecentlyWatchedRelation"
    ADD CONSTRAINT "ProductRecentlyWatchedRelation_RecentlyWatchedCart_null_fk" FOREIGN KEY ("RecentlyWatchedCartId") REFERENCES public."RecentlyWatchedCart"("Id");


--
-- TOC entry 3286 (class 2606 OID 16710)
-- Name: Product Product_Categories_Id_fk; Type: FK CONSTRAINT; Schema: public; Owner: postgres
--

ALTER TABLE ONLY public."Product"
    ADD CONSTRAINT "Product_Categories_Id_fk" FOREIGN KEY ("CategoryId") REFERENCES public."Categories"("Id");


--
-- TOC entry 3290 (class 2606 OID 16613)
-- Name: RecentlyWatchedCart RecentlyWatchedCart_User_null_fk; Type: FK CONSTRAINT; Schema: public; Owner: postgres
--

ALTER TABLE ONLY public."RecentlyWatchedCart"
    ADD CONSTRAINT "RecentlyWatchedCart_User_null_fk" FOREIGN KEY ("UserId") REFERENCES public."User"("Id");


-- Completed on 2023-01-08 19:58:03

--
-- PostgreSQL database dump complete
--

